cf,capex[USD],lcoh[USD/kg],FOM_PV[USD],FOM_WIND[USD],FOM_EL[USD],FOM_UG[USD],H_total[kg],pv_capacity[kW],wind_capacity[kW],el_capacity[kW],ug_capcaity[kgH2],pipe_storage_capacity[kgH2],bat_e_capacity[kWh],bat_p_capacity[kW],pv_cost[USD],wind_cost[USD],el_cost[USD],ug_storage_cost[USD],pipe_storage_cost[USD],bat_cost[USD],load[kg/s]
100,5974934443.217624,3.694870043298837,15369950.23447856,33620866.97500493,58523736.35989836,7693041.831583826,157680000.0,1212141.185684429,1802727.451742892,1566481.16595017,7468972.652023132,-0.0,0.0,-3.750398823400218e-12,1360907273.403479,2623779669.639192,1672218644.6518066,317992025.307653,-0.0,-7.350781693864427e-10,5.0
