cf,capex[USD],pv_capacity[kW],wind_capacity[kW],el_capacity[kW],ug_capcaity[kgH2],pipe_storage_capacity[kgH2],bat_e_capacity[kWh],bat_p_capacity[kW],pv_cost[USD],wind_cost[USD],el_cost[USD],ug_storage_cost[USD],pipe_storage_cost[USD],bat_cost[USD],load[kg/s]
50,2200418497.549387,0.0,922792.5401729313,803894.425115063,0.0,0.0,0.0,0.0,0.0,1342663145.951615,857755351.5977722,0.0,0.0,0.0,5.0
60,2640502197.059363,-0.0,1107351.048207559,964673.3101381117,0.0,0.0,0.0,-0.0,-0.0,1611195775.1419983,1029306421.9173652,0.0,0.0,-0.0,5.0
70,3110480308.201152,0.0,1294302.740296585,1126721.711500588,279568.8374259967,0.0,1.99495843803686e-13,0.0,0.0,1883210487.1315312,1202212066.1711276,25056892.582798097,0.0,0.0,5.0
80,3591243943.164877,-0.0,1483487.386457087,1290356.041053756,986251.3229724813,0.0,0.0,-0.0,-0.0,2158474147.2950616,1376809895.8043575,55958017.292493716,0.0,-0.0,5.0
90,4106332327.78712,-0.0,1690206.594743324,1469156.803907325,1716136.067928929,0.0,0.0,-0.0,-0.0,2459250595.3515363,1567590309.7691157,79499325.45251638,0.0,-0.0,5.0
100,4666759005.470976,-0.0,1852581.100928865,1609601.83470362,6118812.584154195,0.0,0.0,-0.0,-0.0,2695505501.8514986,1717445157.6287625,253808345.990716,0.0,-0.0,5.0
