cf,capex[USD],pv_capacity[kW],wind_capacity[kW],el_capacity[kW],ug_capcaity[kgH2],pipe_storage_capacity[kgH2],bat_e_capacity[kWh],bat_p_capacity[kW],pv_cost[USD],wind_cost[USD],el_cost[USD],ug_storage_cost[USD],pipe_storage_cost[USD],bat_cost[USD],load[kg/s]
50,2200418497.549511,0.0,922792.5401729831,803894.4251151081,0.0,0.0,0.0,0.0,0.0,1342663145.9516904,857755351.5978204,0.0,0.0,0.0,5.0
60,2640502197.059543,0.0,1107351.048207634,964673.3101381771,0.0,0.0,0.0,0.0,0.0,1611195775.1421072,1029306421.917435,0.0,0.0,0.0,5.0
70,3110480308.201151,-0.0,1294302.740296585,1126721.711500588,279568.8374259996,0.0,0.0,0.0,-0.0,1883210487.1315312,1202212066.1711276,25056892.582798555,0.0,0.0,5.0
80,3591243943.164886,0.0,1483487.38645709,1290356.041053759,986251.3229724824,0.0,0.0,0.0,0.0,2158474147.295066,1376809895.8043609,55958017.29249344,0.0,0.0,5.0
90,4106332327.787121,0.0,1690206.594743324,1469156.803907325,1716136.067928926,0.0,-5.681660753595206e-11,0.0,0.0,2459250595.3515363,1567590309.7691157,79499325.45251623,0.0,0.0,5.0
100,4666759005.470974,-0.0,1852581.100928861,1609601.834703617,6118812.58415434,0.0,0.0,-0.0,-0.0,2695505501.851493,1717445157.6287594,253808345.99072203,0.0,-0.0,5.0
